SOLUTION
3 n080w8

ASSIGNMENTS = 277
HN_0 Sat Day Nurse
HN_0 Sun Day HeadNurse
HN_1 Mon Night Nurse
HN_1 Tue Night HeadNurse
HN_1 Wed Night HeadNurse
HN_1 Thu Night HeadNurse
HN_1 Fri Night HeadNurse
HN_2 Mon Day HeadNurse
HN_3 Thu Early HeadNurse
HN_3 Fri Early HeadNurse
HN_3 Sat Late Nurse
HN_3 Sun Late HeadNurse
HN_4 Mon Late HeadNurse
HN_4 Tue Late HeadNurse
HN_5 Wed Day HeadNurse
HN_5 Thu Day HeadNurse
HN_5 Fri Day Nurse
HN_6 Mon Day Nurse
HN_6 Thu Early Nurse
HN_6 Fri Early Nurse
HN_6 Sat Early HeadNurse
HN_6 Sun Day Nurse
HN_7 Mon Early HeadNurse
HN_7 Tue Early HeadNurse
HN_7 Wed Day Nurse
HN_7 Thu Day Nurse
HN_7 Fri Day Nurse
HN_8 Wed Early HeadNurse
HN_8 Thu Early Nurse
HN_8 Fri Early Nurse
HN_9 Wed Late HeadNurse
HN_9 Thu Late HeadNurse
HN_9 Fri Late HeadNurse
NU_10 Mon Late Nurse
NU_10 Tue Late Nurse
NU_10 Wed Late Nurse
NU_10 Thu Late Nurse
NU_10 Fri Late Nurse
NU_11 Mon Early Nurse
NU_11 Tue Early Nurse
NU_12 Fri Night Nurse
NU_12 Sat Night Nurse
NU_12 Sun Night Nurse
NU_13 Fri Early Caretaker
NU_13 Sat Early Nurse
NU_13 Sun Early Nurse
NU_14 Mon Day Nurse
NU_14 Tue Day Nurse
NU_14 Wed Early Nurse
NU_14 Thu Early Caretaker
NU_14 Fri Early Caretaker
NU_15 Tue Night Nurse
NU_15 Wed Night Nurse
NU_15 Thu Night Nurse
NU_15 Fri Night Nurse
NU_16 Mon Early Nurse
NU_17 Sat Late Caretaker
NU_17 Sun Late Nurse
NU_18 Mon Night Caretaker
NU_18 Tue Night Caretaker
NU_18 Wed Night Nurse
NU_18 Sat Early Nurse
NU_18 Sun Early Caretaker
NU_19 Mon Early Caretaker
NU_19 Tue Early Caretaker
NU_19 Wed Late Nurse
NU_19 Thu Late Caretaker
NU_19 Fri Late Nurse
CT_20 Tue Night Caretaker
CT_20 Wed Night Caretaker
CT_20 Thu Night Caretaker
CT_20 Fri Night Caretaker
CT_21 Fri Day Caretaker
CT_21 Sat Day Caretaker
CT_21 Sun Day Caretaker
CT_22 Mon Day Caretaker
CT_22 Tue Day Caretaker
CT_23 Mon Late Caretaker
CT_23 Tue Late Caretaker
CT_24 Mon Night Caretaker
CT_24 Tue Night Caretaker
CT_24 Wed Night Caretaker
CT_24 Thu Night Caretaker
CT_25 Tue Early Caretaker
CT_25 Wed Early Caretaker
CT_25 Thu Early Caretaker
CT_26 Mon Day Caretaker
CT_26 Tue Day Caretaker
CT_26 Wed Day Caretaker
CT_26 Thu Day Caretaker
CT_26 Fri Day Caretaker
CT_27 Mon Late Caretaker
CT_27 Tue Late Caretaker
CT_27 Wed Late Caretaker
CT_27 Thu Late Caretaker
CT_27 Fri Late Caretaker
CT_28 Mon Late Caretaker
CT_28 Tue Late Caretaker
CT_29 Tue Early Caretaker
CT_29 Wed Early Caretaker
CT_29 Thu Early Caretaker
CT_29 Fri Early Caretaker
CT_30 Sat Day Caretaker
CT_30 Sun Day Caretaker
CT_31 Fri Early Caretaker
CT_31 Sat Early Caretaker
CT_31 Sun Early Caretaker
CT_32 Wed Day Caretaker
CT_32 Thu Day Caretaker
CT_32 Fri Day Caretaker
CT_33 Wed Day Caretaker
CT_33 Thu Day Caretaker
CT_33 Fri Day Caretaker
CT_34 Mon Night Caretaker
CT_34 Tue Night Caretaker
CT_34 Wed Night Caretaker
CT_34 Thu Night Caretaker
CT_35 Thu Day Caretaker
CT_35 Fri Day Caretaker
CT_35 Sat Day Caretaker
CT_35 Sun Day Caretaker
CT_36 Mon Early Caretaker
CT_36 Tue Early Caretaker
CT_36 Wed Day Caretaker
CT_36 Thu Day Caretaker
CT_37 Mon Late Caretaker
CT_37 Tue Late Caretaker
CT_37 Wed Late Caretaker
CT_37 Thu Late Caretaker
CT_37 Fri Late Caretaker
CT_38 Mon Early Caretaker
CT_38 Tue Early Caretaker
CT_38 Wed Late Caretaker
CT_38 Thu Late Caretaker
CT_38 Fri Late Caretaker
CT_39 Mon Early Caretaker
CT_39 Tue Early Caretaker
CT_39 Wed Early Caretaker
CT_39 Thu Day Caretaker
CT_39 Fri Day Caretaker
CT_40 Mon Day Caretaker
CT_40 Tue Day Caretaker
CT_40 Wed Day Caretaker
CT_40 Thu Early Caretaker
CT_40 Fri Early Caretaker
CT_41 Fri Early Caretaker
CT_41 Sat Early Caretaker
CT_41 Sun Early Caretaker
CT_42 Mon Early Caretaker
CT_42 Tue Early Caretaker
CT_42 Fri Night Caretaker
CT_42 Sat Night Caretaker
CT_42 Sun Night Caretaker
CT_43 Tue Late Caretaker
CT_43 Wed Late Caretaker
CT_43 Thu Late Caretaker
CT_44 Wed Late Caretaker
CT_44 Thu Late Caretaker
CT_44 Fri Late Caretaker
CT_45 Fri Late Caretaker
CT_45 Sat Late Caretaker
CT_45 Sun Late Caretaker
CT_46 Mon Day Caretaker
CT_46 Tue Day Caretaker
CT_46 Wed Day Caretaker
CT_46 Thu Day Caretaker
CT_46 Fri Day Caretaker
CT_47 Mon Night Caretaker
CT_47 Tue Night Caretaker
CT_47 Wed Night Caretaker
CT_47 Thu Night Caretaker
CT_47 Fri Night Caretaker
CT_48 Wed Night Caretaker
CT_48 Thu Night Caretaker
CT_48 Fri Night Caretaker
CT_48 Sat Night Caretaker
CT_48 Sun Night Caretaker
CT_49 Mon Early Caretaker
CT_49 Tue Early Caretaker
CT_49 Wed Early Caretaker
CT_49 Thu Early Caretaker
CT_49 Fri Early Caretaker
CT_50 Sat Late Caretaker
CT_50 Sun Late Caretaker
CT_51 Mon Day Caretaker
CT_51 Tue Day Caretaker
CT_52 Wed Early Caretaker
CT_52 Thu Early Caretaker
CT_52 Fri Early Caretaker
CT_53 Mon Night Caretaker
CT_53 Tue Night Caretaker
CT_53 Wed Night Caretaker
CT_53 Thu Night Caretaker
CT_54 Mon Night Caretaker
CT_54 Tue Night Caretaker
CT_54 Wed Night Caretaker
CT_55 Fri Night Caretaker
CT_55 Sat Night Caretaker
CT_55 Sun Night Caretaker
CT_56 Mon Late Caretaker
CT_56 Tue Late Caretaker
CT_56 Wed Late Caretaker
CT_56 Thu Late Caretaker
CT_56 Fri Late Caretaker
CT_57 Mon Night Caretaker
CT_57 Tue Night Caretaker
CT_57 Wed Night Caretaker
CT_57 Sat Late Caretaker
CT_57 Sun Late Caretaker
CT_58 Tue Early Caretaker
CT_58 Wed Early Caretaker
CT_58 Thu Early Caretaker
CT_59 Mon Day Caretaker
CT_59 Tue Day Caretaker
TR_61 Mon Early Trainee
TR_61 Tue Early Trainee
TR_61 Wed Early Trainee
TR_62 Mon Night Trainee
TR_62 Tue Night Trainee
TR_62 Wed Night Trainee
TR_63 Thu Late Trainee
TR_63 Fri Late Trainee
TR_63 Sat Late Trainee
TR_63 Sun Late Trainee
TR_64 Sat Day Trainee
TR_64 Sun Day Trainee
TR_65 Mon Day Trainee
TR_65 Tue Day Trainee
TR_65 Wed Day Trainee
TR_66 Wed Day Trainee
TR_66 Thu Day Trainee
TR_66 Fri Day Trainee
TR_67 Mon Day Trainee
TR_67 Tue Day Trainee
TR_68 Wed Late Trainee
TR_68 Thu Late Trainee
TR_68 Fri Late Trainee
TR_69 Mon Late Trainee
TR_69 Tue Late Trainee
TR_69 Wed Late Trainee
TR_70 Wed Early Trainee
TR_70 Thu Early Trainee
TR_70 Fri Early Trainee
TR_71 Tue Early Trainee
TR_71 Wed Early Trainee
TR_71 Thu Early Trainee
TR_72 Tue Day Trainee
TR_72 Wed Day Trainee
TR_72 Thu Early Trainee
TR_72 Fri Early Trainee
TR_73 Mon Night Trainee
TR_73 Tue Night Trainee
TR_73 Wed Night Trainee
TR_73 Thu Night Trainee
TR_74 Fri Late Trainee
TR_74 Sat Late Trainee
TR_74 Sun Late Trainee
TR_75 Fri Night Trainee
TR_75 Sat Night Trainee
TR_75 Sun Night Trainee
TR_76 Mon Early Trainee
TR_76 Tue Early Trainee
TR_76 Fri Day Trainee
TR_76 Sat Day Trainee
TR_76 Sun Day Trainee
TR_77 Mon Night Trainee
TR_77 Tue Night Trainee
TR_77 Wed Night Trainee
TR_77 Thu Night Trainee
TR_77 Fri Night Trainee
TR_78 Thu Day Trainee
TR_78 Fri Day Trainee
TR_78 Sat Early Trainee
TR_78 Sun Early Trainee
TR_79 Mon Late Trainee
TR_79 Tue Late Trainee
TR_79 Wed Late Trainee
