SOLUTION
0 n080w4

ASSIGNMENTS = 294
HN_0 Sat Day HeadNurse
HN_0 Sun Day HeadNurse
HN_1 Wed Night HeadNurse
HN_1 Thu Night HeadNurse
HN_1 Fri Night HeadNurse
HN_2 Tue Late HeadNurse
HN_2 Wed Late HeadNurse
HN_2 Thu Late HeadNurse
HN_2 Fri Late HeadNurse
HN_3 Thu Early HeadNurse
HN_3 Fri Early HeadNurse
HN_3 Sat Late HeadNurse
HN_3 Sun Late HeadNurse
HN_4 Mon Night HeadNurse
HN_5 Wed Early Nurse
HN_5 Thu Early Nurse
HN_5 Fri Early Nurse
HN_6 Wed Night Nurse
HN_6 Thu Night Nurse
HN_6 Fri Night Nurse
HN_6 Sat Night HeadNurse
HN_6 Sun Night HeadNurse
HN_7 Mon Day HeadNurse
HN_7 Thu Day HeadNurse
HN_7 Fri Day Nurse
HN_7 Sat Early HeadNurse
HN_7 Sun Early HeadNurse
HN_8 Mon Early HeadNurse
HN_8 Tue Early HeadNurse
HN_8 Wed Early Nurse
HN_8 Sat Night Nurse
HN_8 Sun Night Nurse
HN_9 Mon Day HeadNurse
HN_9 Tue Day HeadNurse
HN_9 Wed Day Nurse
HN_9 Thu Day Nurse
NU_10 Tue Day Nurse
NU_10 Wed Day Caretaker
NU_10 Thu Day Caretaker
NU_10 Fri Day Nurse
NU_11 Mon Night Nurse
NU_12 Mon Early Nurse
NU_12 Tue Early Nurse
NU_12 Wed Early Caretaker
NU_12 Thu Early Nurse
NU_13 Tue Late Nurse
NU_13 Wed Late Nurse
NU_13 Thu Late Nurse
NU_14 Mon Day Nurse
NU_14 Tue Day Nurse
NU_14 Wed Day Caretaker
NU_14 Sat Day Nurse
NU_14 Sun Day Nurse
NU_15 Mon Day Nurse
NU_15 Tue Early Caretaker
NU_15 Wed Early Caretaker
NU_16 Thu Early Caretaker
NU_16 Fri Early Nurse
NU_16 Sat Early Nurse
NU_16 Sun Early Nurse
NU_17 Mon Night Caretaker
NU_17 Tue Night Nurse
NU_17 Wed Night Nurse
NU_17 Thu Night Nurse
NU_17 Fri Night Nurse
NU_18 Mon Late Nurse
NU_18 Tue Late Nurse
NU_18 Fri Late Nurse
NU_18 Sat Late Nurse
NU_18 Sun Late Nurse
NU_19 Wed Late Nurse
NU_19 Thu Late Nurse
NU_19 Fri Late Nurse
CT_20 Mon Late Caretaker
CT_21 Mon Day Caretaker
CT_21 Tue Day Caretaker
CT_22 Mon Day Caretaker
CT_22 Tue Day Caretaker
CT_22 Wed Day Caretaker
CT_22 Thu Day Caretaker
CT_23 Fri Early Caretaker
CT_23 Sat Early Caretaker
CT_23 Sun Night Caretaker
CT_24 Mon Night Caretaker
CT_24 Tue Night Caretaker
CT_24 Wed Night Caretaker
CT_24 Thu Night Caretaker
CT_24 Fri Night Caretaker
CT_25 Thu Day Caretaker
CT_25 Fri Day Caretaker
CT_25 Sat Day Caretaker
CT_25 Sun Day Caretaker
CT_26 Mon Night Caretaker
CT_26 Tue Night Caretaker
CT_26 Fri Late Caretaker
CT_26 Sat Late Caretaker
CT_26 Sun Late Caretaker
CT_27 Mon Early Caretaker
CT_27 Tue Early Caretaker
CT_27 Sat Early Caretaker
CT_27 Sun Early Caretaker
CT_28 Mon Late Caretaker
CT_29 Fri Day Caretaker
CT_29 Sat Day Caretaker
CT_29 Sun Night Caretaker
CT_30 Wed Day Caretaker
CT_30 Thu Day Caretaker
CT_30 Fri Day Caretaker
CT_31 Tue Night Caretaker
CT_31 Wed Night Caretaker
CT_31 Thu Night Caretaker
CT_31 Fri Night Caretaker
CT_32 Mon Late Caretaker
CT_32 Tue Late Caretaker
CT_32 Wed Late Caretaker
CT_33 Thu Day Caretaker
CT_33 Fri Day Caretaker
CT_33 Sat Early Caretaker
CT_33 Sun Early Caretaker
CT_34 Fri Late Caretaker
CT_34 Sat Late Caretaker
CT_34 Sun Late Caretaker
CT_35 Mon Night Caretaker
CT_35 Tue Night Caretaker
CT_35 Wed Night Caretaker
CT_35 Thu Night Caretaker
CT_35 Fri Night Caretaker
CT_36 Mon Late Caretaker
CT_36 Tue Late Caretaker
CT_36 Wed Late Caretaker
CT_36 Thu Late Caretaker
CT_36 Fri Late Caretaker
CT_37 Mon Late Caretaker
CT_37 Wed Day Caretaker
CT_37 Thu Day Caretaker
CT_37 Fri Day Caretaker
CT_38 Wed Early Caretaker
CT_38 Thu Early Caretaker
CT_38 Fri Early Caretaker
CT_39 Mon Early Caretaker
CT_39 Tue Early Caretaker
CT_39 Wed Late Caretaker
CT_39 Thu Late Caretaker
CT_39 Fri Late Caretaker
CT_40 Mon Night Caretaker
CT_40 Tue Night Caretaker
CT_40 Fri Day Caretaker
CT_40 Sat Day Caretaker
CT_40 Sun Day Caretaker
CT_41 Mon Night Caretaker
CT_41 Tue Night Caretaker
CT_42 Mon Early Caretaker
CT_42 Tue Early Caretaker
CT_42 Wed Late Caretaker
CT_42 Thu Late Caretaker
CT_42 Fri Late Caretaker
CT_43 Wed Early Caretaker
CT_43 Thu Early Caretaker
CT_43 Fri Early Caretaker
CT_44 Mon Early Caretaker
CT_44 Tue Early Caretaker
CT_44 Wed Day Caretaker
CT_44 Thu Day Caretaker
CT_44 Fri Day Caretaker
CT_45 Wed Early Caretaker
CT_45 Thu Early Caretaker
CT_45 Fri Early Caretaker
CT_46 Mon Day Caretaker
CT_46 Tue Day Caretaker
CT_46 Wed Early Caretaker
CT_46 Thu Early Caretaker
CT_46 Fri Early Caretaker
CT_47 Mon Late Caretaker
CT_47 Tue Late Caretaker
CT_47 Fri Early Caretaker
CT_47 Sat Early Caretaker
CT_47 Sun Day Caretaker
CT_48 Mon Late Caretaker
CT_48 Tue Late Caretaker
CT_48 Wed Late Caretaker
CT_48 Thu Late Caretaker
CT_48 Fri Late Caretaker
CT_49 Mon Day Caretaker
CT_49 Tue Day Caretaker
CT_49 Wed Day Caretaker
CT_49 Thu Early Caretaker
CT_49 Fri Early Caretaker
CT_50 Mon Early Caretaker
CT_50 Tue Early Caretaker
CT_50 Wed Early Caretaker
CT_51 Mon Day Caretaker
CT_51 Tue Day Caretaker
CT_51 Wed Early Caretaker
CT_51 Thu Early Caretaker
CT_52 Tue Late Caretaker
CT_52 Wed Late Caretaker
CT_52 Thu Late Caretaker
CT_53 Mon Day Caretaker
CT_53 Tue Day Caretaker
CT_53 Wed Early Caretaker
CT_53 Thu Early Caretaker
CT_54 Mon Night Caretaker
CT_54 Tue Night Caretaker
CT_54 Wed Night Caretaker
CT_54 Thu Night Caretaker
CT_54 Fri Night Caretaker
CT_55 Thu Night Caretaker
CT_55 Fri Night Caretaker
CT_55 Sat Night Caretaker
CT_55 Sun Night Caretaker
CT_56 Mon Early Caretaker
CT_56 Tue Early Caretaker
CT_56 Wed Late Caretaker
CT_56 Thu Late Caretaker
CT_56 Fri Late Caretaker
CT_57 Mon Early Caretaker
CT_57 Thu Night Caretaker
CT_57 Fri Night Caretaker
CT_57 Sat Night Caretaker
CT_57 Sun Night Caretaker
CT_58 Mon Late Caretaker
CT_58 Tue Late Caretaker
CT_58 Wed Late Caretaker
CT_58 Sat Late Caretaker
CT_58 Sun Late Caretaker
CT_59 Wed Night Caretaker
CT_59 Thu Night Caretaker
CT_59 Fri Night Caretaker
CT_59 Sat Night Caretaker
TR_60 Tue Early Trainee
TR_60 Wed Early Trainee
TR_60 Thu Early Trainee
TR_61 Wed Night Trainee
TR_61 Thu Night Trainee
TR_61 Fri Night Trainee
TR_61 Sat Night Trainee
TR_61 Sun Night Trainee
TR_62 Mon Night Trainee
TR_62 Sat Day Trainee
TR_62 Sun Day Trainee
TR_63 Wed Late Trainee
TR_63 Thu Late Trainee
TR_63 Fri Late Trainee
TR_64 Mon Late Trainee
TR_64 Tue Late Trainee
TR_64 Wed Late Trainee
TR_64 Thu Late Trainee
TR_65 Mon Early Trainee
TR_66 Mon Day Trainee
TR_66 Tue Day Trainee
TR_66 Wed Day Trainee
TR_67 Fri Day Trainee
TR_67 Sat Day Trainee
TR_67 Sun Early Trainee
TR_68 Mon Day Trainee
TR_68 Tue Day Trainee
TR_68 Wed Day Trainee
TR_69 Mon Day Trainee
TR_69 Fri Late Trainee
TR_69 Sat Late Trainee
TR_69 Sun Late Trainee
TR_70 Mon Night Trainee
TR_70 Tue Night Trainee
TR_70 Wed Night Trainee
TR_71 Tue Early Trainee
TR_71 Wed Early Trainee
TR_71 Thu Early Trainee
TR_71 Fri Early Trainee
TR_72 Mon Early Trainee
TR_72 Tue Early Trainee
TR_73 Mon Late Trainee
TR_74 Tue Day Trainee
TR_74 Wed Day Trainee
TR_74 Thu Day Trainee
TR_75 Thu Night Trainee
TR_75 Fri Night Trainee
TR_75 Sat Night Trainee
TR_75 Sun Night Trainee
TR_76 Mon Late Trainee
TR_76 Tue Late Trainee
TR_76 Wed Late Trainee
TR_76 Thu Late Trainee
TR_76 Fri Late Trainee
TR_77 Fri Early Trainee
TR_77 Sat Early Trainee
TR_77 Sun Early Trainee
TR_78 Mon Night Trainee
TR_78 Tue Night Trainee
TR_78 Wed Night Trainee
TR_78 Thu Night Trainee
TR_78 Fri Night Trainee
TR_79 Wed Day Trainee
TR_79 Thu Day Trainee
TR_79 Fri Day Trainee
