SOLUTION
0 n080w8

ASSIGNMENTS = 271
HN_0 Sat Day HeadNurse
HN_0 Sun Day Nurse
HN_1 Wed Day HeadNurse
HN_1 Thu Day HeadNurse
HN_1 Fri Day HeadNurse
HN_2 Tue Night Nurse
HN_2 Wed Night Nurse
HN_2 Thu Night HeadNurse
HN_2 Fri Night HeadNurse
HN_3 Thu Day Nurse
HN_3 Fri Day Nurse
HN_3 Sat Late HeadNurse
HN_3 Sun Late HeadNurse
HN_4 Fri Early HeadNurse
HN_4 Sat Early HeadNurse
HN_4 Sun Night HeadNurse
HN_5 Mon Day Nurse
HN_5 Tue Day HeadNurse
HN_5 Wed Day Nurse
HN_6 Thu Night Nurse
HN_6 Fri Night Nurse
HN_6 Sat Night Nurse
HN_6 Sun Night Nurse
HN_7 Mon Late Nurse
HN_7 Tue Late HeadNurse
HN_7 Fri Early Nurse
HN_7 Sat Early Nurse
HN_7 Sun Early HeadNurse
HN_8 Mon Early Nurse
HN_8 Tue Early HeadNurse
HN_8 Wed Early HeadNurse
HN_8 Thu Early Nurse
HN_9 Wed Late Nurse
HN_9 Thu Late HeadNurse
HN_9 Fri Late HeadNurse
NU_10 Mon Night Nurse
NU_10 Thu Late Nurse
NU_10 Fri Late Nurse
NU_10 Sat Late Nurse
NU_10 Sun Late Nurse
NU_11 Mon Late Caretaker
NU_11 Tue Late Nurse
NU_12 Tue Night Caretaker
NU_12 Wed Night Nurse
NU_12 Thu Night Nurse
NU_12 Fri Night Caretaker
NU_13 Sat Day Nurse
NU_13 Sun Day Caretaker
NU_14 Mon Early Caretaker
NU_14 Tue Early Nurse
NU_14 Wed Early Nurse
NU_15 Mon Early Caretaker
NU_16 Wed Day Nurse
NU_16 Thu Day Caretaker
NU_16 Fri Day Caretaker
NU_17 Tue Late Nurse
NU_17 Wed Late Nurse
NU_17 Thu Late Nurse
NU_18 Mon Day Caretaker
NU_18 Tue Day Nurse
NU_18 Fri Early Nurse
NU_18 Sat Early Nurse
NU_18 Sun Early Nurse
NU_19 Mon Night Caretaker
NU_19 Thu Late Caretaker
NU_19 Fri Late Caretaker
NU_19 Sat Late Nurse
NU_19 Sun Late Nurse
CT_20 Mon Late Caretaker
CT_21 Mon Late Caretaker
CT_21 Tue Late Caretaker
CT_21 Wed Late Caretaker
CT_22 Mon Early Caretaker
CT_22 Tue Early Caretaker
CT_22 Wed Early Caretaker
CT_22 Thu Early Caretaker
CT_23 Fri Early Caretaker
CT_23 Sat Early Caretaker
CT_23 Sun Night Caretaker
CT_24 Mon Late Caretaker
CT_24 Tue Late Caretaker
CT_24 Wed Late Caretaker
CT_25 Wed Day Caretaker
CT_25 Thu Day Caretaker
CT_25 Fri Day Caretaker
CT_26 Mon Early Caretaker
CT_26 Tue Early Caretaker
CT_26 Fri Late Caretaker
CT_26 Sat Late Caretaker
CT_26 Sun Late Caretaker
CT_27 Mon Night Caretaker
CT_27 Thu Late Caretaker
CT_27 Fri Late Caretaker
CT_27 Sat Late Caretaker
CT_27 Sun Late Caretaker
CT_28 Wed Early Caretaker
CT_28 Thu Early Caretaker
CT_28 Fri Early Caretaker
CT_29 Mon Day Caretaker
CT_29 Tue Day Caretaker
CT_30 Wed Day Caretaker
CT_30 Thu Day Caretaker
CT_30 Fri Day Caretaker
CT_31 Mon Day Caretaker
CT_31 Tue Day Caretaker
CT_31 Wed Day Caretaker
CT_32 Mon Day Caretaker
CT_32 Tue Day Caretaker
CT_32 Wed Day Caretaker
CT_33 Wed Late Caretaker
CT_33 Thu Late Caretaker
CT_33 Fri Late Caretaker
CT_34 Mon Late Caretaker
CT_35 Mon Late Caretaker
CT_35 Tue Late Caretaker
CT_35 Wed Late Caretaker
CT_36 Mon Late Caretaker
CT_36 Tue Late Caretaker
CT_36 Wed Late Caretaker
CT_37 Wed Late Caretaker
CT_37 Thu Late Caretaker
CT_37 Fri Late Caretaker
CT_38 Mon Early Caretaker
CT_38 Tue Early Caretaker
CT_38 Fri Day Caretaker
CT_38 Sat Day Caretaker
CT_38 Sun Day Caretaker
CT_39 Mon Night Caretaker
CT_39 Tue Night Caretaker
CT_39 Wed Night Caretaker
CT_39 Thu Night Caretaker
CT_39 Fri Night Caretaker
CT_40 Mon Night Caretaker
CT_40 Thu Night Caretaker
CT_40 Fri Night Caretaker
CT_40 Sat Night Caretaker
CT_40 Sun Night Caretaker
CT_41 Wed Night Caretaker
CT_41 Thu Night Caretaker
CT_41 Fri Night Caretaker
CT_42 Mon Night Caretaker
CT_42 Tue Night Caretaker
CT_42 Wed Night Caretaker
CT_42 Thu Night Caretaker
CT_42 Fri Night Caretaker
CT_43 Tue Early Caretaker
CT_43 Wed Early Caretaker
CT_43 Thu Early Caretaker
CT_44 Mon Day Caretaker
CT_44 Thu Late Caretaker
CT_44 Fri Late Caretaker
CT_44 Sat Late Caretaker
CT_44 Sun Late Caretaker
CT_45 Sat Late Caretaker
CT_45 Sun Late Caretaker
CT_46 Mon Late Caretaker
CT_46 Tue Late Caretaker
CT_46 Wed Late Caretaker
CT_46 Thu Late Caretaker
CT_46 Fri Late Caretaker
CT_47 Mon Day Caretaker
CT_47 Tue Day Caretaker
CT_47 Fri Early Caretaker
CT_47 Sat Early Caretaker
CT_47 Sun Early Caretaker
CT_48 Mon Night Caretaker
CT_48 Tue Night Caretaker
CT_48 Wed Night Caretaker
CT_48 Thu Night Caretaker
CT_48 Fri Night Caretaker
CT_49 Mon Early Caretaker
CT_49 Thu Day Caretaker
CT_49 Fri Day Caretaker
CT_49 Sat Day Caretaker
CT_49 Sun Day Caretaker
CT_50 Mon Day Caretaker
CT_50 Tue Day Caretaker
CT_50 Wed Day Caretaker
CT_51 Tue Night Caretaker
CT_51 Wed Night Caretaker
CT_51 Thu Night Caretaker
CT_51 Fri Night Caretaker
CT_52 Tue Early Caretaker
CT_52 Wed Early Caretaker
CT_52 Thu Early Caretaker
CT_53 Tue Early Caretaker
CT_53 Wed Early Caretaker
CT_53 Thu Early Caretaker
CT_54 Thu Early Caretaker
CT_54 Fri Early Caretaker
CT_54 Sat Day Caretaker
CT_54 Sun Day Caretaker
CT_55 Thu Day Caretaker
CT_55 Fri Day Caretaker
CT_55 Sat Early Caretaker
CT_55 Sun Early Caretaker
CT_56 Wed Night Caretaker
CT_56 Thu Night Caretaker
CT_56 Fri Night Caretaker
CT_56 Sat Night Caretaker
CT_56 Sun Night Caretaker
CT_57 Mon Night Caretaker
CT_57 Thu Day Caretaker
CT_57 Fri Day Caretaker
CT_57 Sat Early Caretaker
CT_57 Sun Early Caretaker
CT_58 Tue Early Caretaker
CT_58 Wed Early Caretaker
CT_58 Thu Early Caretaker
CT_59 Fri Night Caretaker
CT_59 Sat Night Caretaker
CT_59 Sun Night Caretaker
TR_60 Fri Day Trainee
TR_60 Sat Day Trainee
TR_60 Sun Day Trainee
TR_61 Thu Day Trainee
TR_61 Fri Day Trainee
TR_61 Sat Early Trainee
TR_61 Sun Early Trainee
TR_62 Mon Night Trainee
TR_62 Sat Night Trainee
TR_62 Sun Night Trainee
TR_63 Wed Late Trainee
TR_63 Thu Late Trainee
TR_63 Fri Late Trainee
TR_64 Mon Night Trainee
TR_64 Tue Night Trainee
TR_64 Wed Night Trainee
TR_64 Thu Night Trainee
TR_66 Tue Night Trainee
TR_66 Wed Night Trainee
TR_66 Thu Night Trainee
TR_66 Fri Night Trainee
TR_67 Mon Early Trainee
TR_68 Mon Day Trainee
TR_68 Tue Day Trainee
TR_68 Wed Day Trainee
TR_69 Mon Early Trainee
TR_69 Tue Early Trainee
TR_69 Wed Early Trainee
TR_70 Mon Late Trainee
TR_70 Tue Late Trainee
TR_70 Wed Late Trainee
TR_71 Thu Early Trainee
TR_71 Fri Early Trainee
TR_71 Sat Early Trainee
TR_71 Sun Early Trainee
TR_72 Mon Late Trainee
TR_72 Tue Late Trainee
TR_72 Wed Late Trainee
TR_73 Sat Late Trainee
TR_73 Sun Late Trainee
TR_74 Wed Early Trainee
TR_74 Thu Early Trainee
TR_74 Fri Early Trainee
TR_75 Wed Day Trainee
TR_75 Thu Day Trainee
TR_75 Fri Day Trainee
TR_76 Mon Early Trainee
TR_76 Tue Early Trainee
TR_76 Wed Early Trainee
TR_76 Thu Early Trainee
TR_76 Fri Early Trainee
TR_77 Mon Day Trainee
TR_77 Tue Day Trainee
TR_78 Wed Late Trainee
TR_78 Thu Late Trainee
TR_78 Fri Late Trainee
TR_79 Wed Night Trainee
TR_79 Thu Night Trainee
TR_79 Fri Night Trainee
